Sequence,Classification
GTCAAAAGTTTGTT,TFBS
GTCAAAAAAGCCGC,nonTFBS
GACGCTATAGCGAC,nonTFBS
GTCGGATGATTGAC,nonTFBS
GCCTAAAAATTGAC,nonTFBS
GTCATTAGATTGAC,TFBS
GTCAATAAATTGAC,TFBS
GTCACTAAATTGAC,TFBS
GTCGGTTTTTTGAC,TFBS
GTCATTTAACTGAC,TFBS
GCTGGAAAACTGAC,nonTFBS
GTCAATAATCCGAC,nonTFBS
GTCAAAAAAGAATC,TFBS
AATTCCGAACTTTA,TFBS
AAAAACGAATATTA,TFBS
AAACACGAACATTA,nonTFBS
ATTATCGAACGATA,nonTFBS
AAATACGAATGATA,TFBS
ATTCCCGAACTTTA,nonTFBS
TATTACGAACAAAA,TFBS
TATTGTTCGCTTTT,nonTFBS
TAAGGCGAACATTT,nonTFBS
AAAAACGAATATTT,TFBS
AAATCCGAATAATC,TFBS
ATTACCGAATATTT,TFBS
TAAAACGAATAATA,TFBS
AATTACGAACGTTT,nonTFBS
GGAAGCGAACGAAT,nonTFBS
AAATCCGAACATTA,nonTFBS
